"Metric","PhenoFlex_marginal","PhenoFlex_normal"
"RMSEP",12.4834215458769,3.15118001959155
"RPIQ",3.14417003829881,12.4556514562718
