"Metric","PhenoFlex_marginal","PhenoFlex_normal"
"RMSEP",9.07755659470976,3.36438291825335
"RPIQ",3.99336535352761,10.7746356109844
